SMILES,Marked Bonds
CC12C=C([U])C3C(C([U])=C1)C32C,"[(2, 3), (3, 5), (6, 7), (7, 9)]"
O=C1CCCCC2OC12,"[(8, 1), (8, 6), (7, 8), (6, 7)]"
O=C(O)C=C1CCCCC1=O,"[(3, 4)]"
O=C1C(c2ccccc2)C([U])N1[Ac],"[(11, 1), (2, 9)]"
CC1C(=O)CCCC1O,"[(0, 1)]"
N#CC1C=CCCC1,"[(1, 2)]"
,[]
O=c1c(O)cccc2cc(O)c(O)c(O)c12,"[(15, 1), (6, 7)]"
O=C([U])c1c(-c2ccccc2)ccc2ccccc12,"[(3, 4), (11, 12)]"
CC12CCC(=O)c3cccc(c31)CC([U])C2[U],"[(6, 7), (9, 10)]"
CC12CCC(=O)c3cccc(c31)CC([U])C2[U],"[(6, 7), (9, 10)]"
CC(C)C1=C2C3C(CCC2(C)CC1)C(=O)CC(O[Si](C)(C)[U])=CC3[Si](C)(C)C,"[(15, 16), (23, 5)]"
COc1cc2c3c(c1OC)-c1ccc(=O)ccc1C3=NCC2,"[(12, 13), (14, 15), (21, 14)]"
C=CC([U])C(C=O)c1ccccc1,"[(2, 4)]"
[U]C=C[U],"[(1, 2)]"
CC(C)(C)OC(=O)NC([Ac])C(=O)[Ac],"[(8, 10)]"
CC(C)C1CCC(=O)C1(C)C[U],"[(8, 9), (6, 8)]"
C=C1CCC(CCO[U])C2(O)C=C(C)CCC12,"[(2, 3)]"
CC1CC2C(C3CC(=O)CC4CCCC4=C13)C2(C)C,"[(5, 6)]"
C=C1CCC2CC1C(Cc1c[nH]c3ccccc13)NC2(C)C,"[(6, 7), (18, 19)]"
CC(=O)OC1C=CCCC1C=O,"[(9, 4), (7, 8)]"
CCC(O)c1ccccc1,"[(1, 2)]"
COC(=O)CC=CC(C)C([U])OC,"[(7, 9)]"
COC(=O)C1C=CC(C)C([U])O1,"[(7, 9)]"
COC(CC=CCC(=O)N([U])[U])c1ccccc1,"[(5, 6), (2, 3), (7, 9)]"

COC(CC=CCC(=O)N([U])[U])c1ccccc1,"[(5, 6), (2, 3), (7, 9)]"
C1=CC2NCCC2(c2ccccc2)CC1,"[(8, 9)]"
CCCCC1(C=O)CCC2(CCC(C)C([U])O2)O1,"[(9, 17)]"
[U]C1OC1([U])[U],"[(1, 2), (2, 3)]"
[U]C1OC1([U])[U],"[(1, 2), (2, 3)]"
[U]C1OC1([U])[U],"[(1, 2), (2, 3)]"
C=C(C)c1c(C)c(C)cc(C)c1C,[]
O=C([U])c1c(O)c([U])nc([U])c1[U],"[(4, 6), (11, 3)]"
[U]C=C[U],"[(1, 2)]"
C=CCCC(CC(C)=O)C(C)C1OC(OC(C)=O)(O[Si](C)(C)C(C)(C)C)C=CC1=O,"[(12, 13)]"
CC(=O)OC1CCC2CC3(CO[Si](C)(C)C(C)(C)C)C=CC(=O)C2(O3)C1C,"[(23, 7), (8, 9)]"
CC1CC2C(O)(CC3(CO)CC4CCC(O[U])C(C)C42O3)C1=Cc1ccccc1,"[(21, 1)]"
COC(=O)C1C(CC=O)=C(C)C=CC1C(C)C,"[(2, 4), (5, 6)]"

CC1=CCC(C(C)C)C2CC(=O)c3ccc(o3)C(O[Si]([U])([U])[U])CC12,"[(10, 12)]"
CC1=CCC(C(C)C)C(C[U])C1CC(O[Si]([U])([U])[U])c1ccc(Br)o1,"[(13, 19)]"
COC(=O)C12CC(=O)c3ccccc3C13c1cc(OC)c(OC)cc1CCN3C(=O)C2,"[(14, 15), (14, 4), (5, 6)]"
CC1C(=O)CC2CC(=O)C34C=COC3CCC214,"[(7, 9), (16, 9), (13, 14)]"
CC1=C2C(CC1=O)CC1(O)C2CC2OC=CC21,"[(8, 10), (11, 12), (16, 8)]"
COC(=O)C1C(C=O)CC2C(C(C)[Si]([U])([U])[U])C(=O)N21,"[(8, 9), (4, 5)]"
O=C1c2c(c3c4ccccc4[nH]c3c3[nH]c4ccccc4c23)CN1Cc1ccccc1,"[(2, 3), (20, 21)]"
C=CCC(C)(O)CC(O)c1ccccc1,"[(2, 3)]"
CC(=CO[Si](C(C)C)(C(C)C)C(C)C)C1OC(CC#C[Si](C)(C)C)C2(C=O)C(C)=CCC(C(C)C)C12,"[(16, 24), (35, 14), (14, 15)]"
CS(=O)(=O)N1c2ccccc2C23CCN([U])C2CCCC13,"[(10, 11), (14, 16)]"
O=C1c2ccccc2CCC2CCCN12,"[(14, 1), (14, 10)]"
CCC1(O)C(=O)OCc2c1cc1n(c2=O)Cc2cc3ccccc3nc2-1,"[(11, 12), (21, 12), (19, 20)]"
COC(=O)C1CC2C(=O)N3C(=Cc4cccc(OC)c4C3CO)C1N2C,"[(5, 6), (23, 4)]"
CC1(C)CCCC2(C)C3CCC12CC3=O,"[(9, 10), (11, 12), (6, 8)]"
C=C1CC2(C(=O)OC)CC1(C)CCC2=O,"[(9, 1), (3, 8)]"
COC(=O)C1=C2Nc3ccccc3C23CCN2CCCC(C1C(=O)OC)C23,"[(20, 21), (26, 13), (26, 16), (16, 17)]"
COCC(NC([U])[U])c1ccccc1,"[(5, 7)]"
COCC([U])N=C1CCCCC1[U],"[(11, 12)]"
O=C1CCCC2C=CC([U])C3CCN1C23,"[(8, 10), (14, 5), (13, 14), (13, 1)]"
O=C1C2C3C=CC([U])C2CCN1CCC3,"[(11, 1), (11, 12), (6, 8), (2, 3)]"
CC#Cc1c(C)c(C)cc(Br)c1C,"[(4, 6), (11, 3)]"
CC#CC1C2(C)C3(Br)C(CC)C1(C)S(=O)(=O)C23C,"[(8, 9), (4, 6), (16, 4), (11, 3)]"
CC=C[U],"[(1, 2)]"
COC(=O)N1CCC23C1=CC=C1CCCN(c4ccccc42)C13,"[(21, 7), (18, 22)]"
CCOC1CC=CC(C(O)c2ccccc2)O1,"[(7, 8), (16, 3), (4, 5)]"
[U]C=C[U],"[(1, 2)]"
O=P(c1ccccc1)(c1ccccc1)C1C=CCCC1P(=O)(c1ccccc1)c1ccccc1,"[(1, 14), (19, 20)]"
CC1=CCCC1C1=CCCCC1,"[(5, 1)]"
O=C([U])C=CC(O)[U],"[(3, 4)]"
CC1C=CCCCCOC(=O)S1,"[(11, 1)]"
CC(C)(C)C(O)CC1CC2C=CC1C2,"[(12, 7), (8, 9)]"
CCOC(=O)C1CC23CN(C(=O)OC(C)(C)C)CCC2CCC2(SCCCS2)C3N1C,"[(28, 29), (28, 7), (5, 6)]"
C1=C(c2ccccc2)c2ccccc2C1,"[(12, 4)]"
O=C1C2CN(c3ccccc3)C(=O)C2=C2Oc3ccccc3C23CCCC13,"[(26, 1), (22, 14), (13, 2)]"
CC1(C)CC2CC(C)(O)C3(C)CC3(C)C2C1,"[(12, 9), (14, 4), (6, 7)]"
CC1C=CCCCCCCCCCCC(=O)C1,"[(2, 3)]"
CC1C(Sc2ccccc2)CC2C1C(=O)CCCC2(C)C,"[(12, 13), (11, 12), (1, 2)]"
C=CC(C)C(O)[U],"[(2, 4)]"
C=CC(C)C(O)C(C)C(C)(C)C,"[(2, 4)]"
C=C(C)C1CCC2(C1)C(=O)C(S(=O)(=O)[Ac])CCC2C,"[(8, 10)]"
O=C([U])CC[Ac],"[(4, 5)]"
O=C([U])CCC(=O)[U],"[(1, 3)]"
OC1([U])CC1,"[(1, 3), (4, 1)]"
CC(C)(C)OC(=O)N1CCc2ncc([N+](=O)[O-])cc2C1,"[(17, 18), (10, 11)]"
CC(C)=CC1c2cccc3c2C24CCN1C1NCCC12c1ccccc1NC4N3C,"[(29, 21), (25, 21), (25, 26), (13, 14)]"
O=C(CC(S)[U])N1C(=O)OCC1c1ccccc1,"[(3, 4)]"
C=CC1(C=O)CCC(C(C)(C)C)CC1,"[(1, 2)]"
C=C(C)C1CCC2C3CCC45CCCC4C2(CCCOCc2ccccc2)C1NC35,"[(27, 3), (15, 6), (29, 7), (27, 28)]"
CC1=CC(=O)C2(CCCCCC2C)C1,"[(11, 5), (2, 3), (5, 13)]"
C=C1CC(=O)C2(CCCCCC2C)C1,"[(2, 3), (5, 13), (11, 5)]"
C=CCC1CCC2C(C(C)C)CCCC(=O)N12,"[(2, 3), (16, 3)]"
CC(=O)OC1(C=O)CCC2OC(C)(C)OC2C1C(C)=CCC=C(C)C,"[(3, 4)]"
CCc1c(-c2ccccc2)c[nH]c1C,"[(3, 5), (5, 6), (7, 2)]"
CC(C)(C)C1CCC(=NO)C(C#N)C1,"[(10, 11)]"
CC(C)C(=O)C(C)C(O)c1ccccc1,"[(5, 7)]"
CC(=O)C1C(C)C([U])=CC2(C)CCCC12,"[(14, 9), (3, 4)]"
CC(C(=O)N1C(=O)OCC1Cc1ccccc1)C1CCC(CO[Si](C)(C)C(C)(C)C)O1,"[(1, 17)]"
CC1CCC(OC(=O)C(F)(F)F)C2CCCCC12O,"[(2, 3), (17, 1), (4, 5)]"
C=CC1CCCCC1C=NC(C(=O)OC(C)(C)C)C(C)(C)C,"[(1, 2)]"
C=C(CC(C)C(=O)N([U])[U])C(C)C(C)C(=O)N([U])[U],"[(5, 7), (2, 3), (10, 12), (14, 16)]"
Cc1cc(OCc2ccccc2)c2c(c1)N1N=NCC1C([Si](C)(C)C)C(O)C2COCc1ccccc1,"[(19, 15), (17, 18)]"
Cc1cc(OCc2ccccc2)c2c(c1)N1CC1C([Si](C)(C)C)C(O)C2COCc1ccccc1,"[(15, 16), (17, 15)]"
C=CC([U])C12CCCC3(CCCCC31)OC2O,"[(2, 4), (5, 6)]"
CCC1C(=O)C2(C)c3ccc(OC)cc3CCC2C1C,"[(17, 18), (5, 7)]"
O=C1CC2C=CC(C1)C2,"[(2, 3), (6, 7)]"
OC1CCCC2CC12,"[(6, 7), (5, 6)]"
OC1CCCC2OC12,"[(6, 7), (5, 6)]"
OC1CCCCCC2OC12,"[(8, 9), (7, 8)]"
OC1CCCCCC2CC12,"[(8, 9), (7, 8)]"
O=C1C=CC(O)C2OCC(c3ccccc3)N12,"[(6, 7)]"
CC1CCC2(OC1[U])OC([U])C(C)CC2C,"[(4, 5), (4, 8)]"
CC12CCCCC1CC(O)C(O)C2,"[(10, 11), (8, 9)]"
CC([U])CC(I)C1OC(=O)C(C)CC1C,"[(4, 5), (6, 7)]"
CC(C)(C)[Si](C)(C)OCC1CC(Sc2ccccc2)C(O)C(O[Si](C)(C)C(C)(C)C)C1O[Si](C)(C)C(C)(C)C,"[(11, 12)]"
C=C(C)CC(C1=CC=CC=C1)=C(C1=C(C)C=CC=C1C)C1=C(C)C=C(C)C=C1C,"[(11, 8)]"
CC(=O)OC(=C(c1ccccc1)c1c(C)cc(C)cc1C)c1c(C)cc(C)cc1C,"[(4, 5), (1, 3)]"
CC(C=CCl)C(O)[U],"[(1, 5)]"
C1=C2C(=Cc3ccccc32)c2ccccc21,"[(15, 2), (14, 6)]"
O=C1OCC(c2ccccc2)N2C1CC1CCCC12,"[(18, 14), (12, 13), (18, 11)]"
CCC12CCC(=O)N3CCC45c6ccc(OC)cc6N(C)C4C(C(=O)OC)(OC315)C2OC,"[(21, 22), (28, 10), (28, 2), (22, 29)]"
COc1ccc(C2(CCOCc3ccccc3)C=C(C)CC2)cc1OC,"[(8, 19)]"
CC[Si](CC)(CC)OC1C=CC2(C(=O)OC)C(C=O)C12,"[(11, 16)]"
COC(=O)C1=CC2C(=O)C1C=CC21C(=O)Nc2cccc(I)c21,"[(12, 6), (11, 12)]"
O=C1CCCC2CCC(c3ccccc3)N12,"[(15, 1), (15, 5)]"
O=C1CCCC12CCCC2Nc1ccccc1,"[(9, 5), (10, 11)]"
O=C1CCCC12CCCC2Nc1ccccc1,"[(9, 10), (9, 5)]"
CC(C)(C)[Si](C)(C)OC(c1ccccc1)C(c1ccccc1)N1C2=C(C=CC1[U])C(=O)CCC2,"[(24, 25), (27, 22)]"
CC1(O)C(=O)CCN2CCCC21,"[(5, 6)]"
CCC12CCCN3CCC4(C(=C(C(=O)OC)C1)Nc1ccccc14)C32,"[(24, 6), (9, 24), (23, 2), (5, 6)]"
CCC12CCCN3CCC4(C(=C(SC)C1)N(C)c1ccccc14)C32,"[(10, 11), (9, 23)]"
C=C=Cc1cc([U])ccc1[U],"[(3, 4)]"
CC1(C)OC2(CBr)CCC(=O)CC1CC2O,"[(3, 4), (5, 6), (14, 15)]"
O=C(CC(C(=O)c1ccccc1)c1ccccc1)c1ccccc1,"[(1, 2)]"
O=C(CC(C(=O)c1ccccc1)c1ccccc1)c1ccccc1,"[(3, 4)]"
O=C1C=CC23CCCC(C(=O)C2)C3=C1,"[(11, 4)]"
C=CCC(C)C(=O)C(C)C(O)C(C)(C)COCc1ccccc1,"[(2, 3)]"
CC1=C2CCC3C=CCCC3C(=O)C(CC1)C2(C)C,"[(8, 9), (10, 5), (13, 16), (14, 15)]"
COc1c(C)c(CO[U])cc(O)c1CC=C(C)CCCO[U],"[(3, 13), (20, 2)]"
CCCCC(C(=O)O)=C(C)c1ccc([U])cc1,"[(4, 8)]"
BC1CCCCC1,"[(0, 1)]"
CC([Ac])C(O)CC1(C)OC1(C)CO[Si](C)(C)C(C)(C)C,"[(6, 8), (8, 9)]"
CC(=O)OC1CCCN(C(=O)OCc2ccccc2)C1CC(=O)c1ccccc1,"[(19, 20)]"
O=C1C([U])C2SCCN12,"[(8, 1), (2, 4)]"
O=C1C([U])C([U])N1[U],"[(6, 1), (2, 4)]"
CC#CCCC1(C)C(=O)CCC1=O,"[(5, 7), (11, 5)]"
CC(=O)C1=C2CCCC(=O)C23CCCC3C1,"[(3, 4), (8, 10), (10, 4)]"
O=C1C=C(C23CCCC2C3)CN1Cc1ccccc1,"[(2, 3), (9, 4), (8, 4)]"
CCCCC1=CC23C(CC(=O)C2C)CC(=O)C3C1C,"[(17, 4), (16, 6)]"
COC(=O)CC1CCC23CCCC2CN(C(=O)OC(C)(C)C)N13,"[(22, 8), (22, 5), (13, 14), (12, 8)]"
c1cc2ccc3c4cccc5ccc(c(c1)c23)c54,"[(15, 2), (8, 16)]"
CCC(CC)(CC)SC(=O)C(C)C(O)C(C)C,"[(10, 12)]"
CN1CCC23CC(O)C=CC12CCc1ccccc13,"[(9, 10), (4, 5)]"
CC1(C)C2CC=C3C4CCCCC(=O)C4CC3C21,"[(15, 16), (14, 7)]"
C=C1C(C)CCC(C(C)C)C2(O)C=CC(C(=O)OC)C12,"[(19, 10), (13, 14)]"
C=C(C)C(C)C(C)C(=O)N(CC)CC,"[(7, 8), (3, 5)]"
O=C1OCC2([U])CCCC23OCCCC13,"[(14, 9), (10, 11)]"
C=CCCCC(C)C(O)C(C)C(=O)C(C)(C)C1CCOC(C)(C)O1,"[(7, 9)]"
CC(CO)CC(OCc1ccccc1)C(O)C(C)CO,"[(18, 19)]"
CC1=CC2C3CC=CC3OC2(C)c2ccccc21,"[(8, 9)]"
C=C1C2CCC(=O)C3(CCC(O)C13)C2CCCC,"[(12, 7), (10, 12)]"
C=C1CC2N(C)c3c(ccc(OC)c3OC)C23CCN2CCCC1(CC(=O)O[U])C23,"[(19, 20), (29, 19), (29, 16), (2, 3)]"
COC(=O)CC1CCCC1N(Cc1ccccc1)C(=O)c1ccccc1,"[(9, 5)]"
CC(C)C1C2CCCC2(N2CCCCC2)C(=O)C1(C)[N+](=O)[O-],"[(3, 4), (15, 17), (8, 4)]"
CC(C)C1C2CCCC2(N2CCCCC2)C(=O)C1(C)[N+](=O)[O-],"[(15, 17), (3, 4), (7, 8)]"
O=c1c(O)cc2c(c3ccccc13)OCOC2,"[(2, 4), (5, 6)]"
COc1cc2c(c3ccccc3c1=O)OC1(C)CCCCC1C2,"[(14, 15), (21, 22)]"
CC1=CC(CCCOc2ccccc2)CC1,"[(2, 3)]"
CC(=O)OC1CC(=O)N2CC(C(C)(C)OC=O)C(COCc3ccccc3)C12,"[(9, 10), (11, 14), (17, 27)]"
CC(C(=O)[U])C(O)[U],"[(1, 5)]"
O=C1OC2(S[Ac])CCCCC2C1(Cl)Cl,"[(10, 11), (2, 3)]"
Cc1nn(C)c(C)c1-c1ccccc1,"[(2, 3)]"
CC1(C)C(=O)OC2C3=C(CC=C3)CC=CC21,"[(15, 6), (8, 12)]"
CC1(C)C(=O)OC2C3=C(CC=C3)CC=CC21,"[(15, 6), (8, 12)]"
CC1CCC(C)N(C(=O)OC(C)(C)C)C1=O,"[(0, 1)]"
Cc1ccc(S(=O)(=O)N2CC(O)C3(c4ccc5c(c4)OCO5)C=CCCC23)cc1,"[(10, 12)]"
Cc1ccc(S(=O)(=O)N2CC3OC2C2(c4ccc5c(c4)OCO5)CCCC32)cc1,"[(11, 12), (26, 13), (26, 10)]"
COC1C=C(C(O)CCC(C)(C)C=CC=CCO[Si](C)(C)C(C)(C)C)C(=O)O1,"[(4, 5)]"
C=CC(C)C(O)c1ccccc1,"[(2, 4)]"
C=CC(C)C(cc)N[U],"[(2, 4)]"
CC#Cc1c(C)c(C)cc(Br)c1C,"[(3, 4), (9, 11)]"
CCOC(=O)c1c2n(c3ccc(C)cc13)CCC2,"[(17, 5), (10, 6), (9, 10)]"
CC1C(O)CC2(CC(C)([U])CO2)OC1[U],"[(11, 5), (5, 12)]"
C=C([U])CC(O)[U],"[(3, 4)]"
CC1(C)CCCC2(C)C(=CS(=O)c3ccccc3)C=CC=C12,"[(9, 10), (6, 8)]"
C=CC1CCC(C)(C(=O)OCC)C1[U],"[(4, 5)]"
COC1(OC)C(=O)c2c1ccc1c2CCCC1,"[(15, 16)]"
C=CC(CO)C1OC(C)(C)OC1COCc1ccccc1,"[(2, 3)]"
CCC=C(NC(=O)N(Cc1ccccc1)Cc1ccccc1)C(=O)OC,"[(5, 7)]"
C=C1C2CCC(C2)C1(C)C,"[(2, 3)]"
CC1CC([U])CCN1C(=O)OC(C)(C)C,"[(0, 1)]"
COC(=O)C(=O)CC1(c2ccccc2)C(=O)CC(C)=C1C,"[(6, 7), (14, 16), (19, 7)]"
COC(=O)C(=O)CC1(c2ccccc2)C(=O)CC(C)=C1C,"[(6, 7), (14, 16), (19, 7)]"
COC(=O)C1CC2([Se]c3ccccc3)c3ccccc3N(C(=O)OC(C)(C)C)C2N1C(=O)OC(C)(C)C,"[(6, 7), (28, 29)]"
CC=CC(=O)O,"[(1, 2)]"
CC1=C(O)C(=O)C(=C[U])C1CO[Si](C)(C)C(C)(C)C,"[(6, 9), (1, 2)]"
CCC12C=CCN3CCC4(C(=Nc5cc(OC)ccc54)CC1)C32,"[(6, 7), (7, 8), (9, 22)]"
COC1=C(C)C(=O)C2=C(C1=O)C(COC(N)=O)C1(OC)NCC3C1N23,"[(24, 7)]"
COC1=C(C)C(=O)C2=C(C1=O)C(COC(N)=O)C1(OC)C3NC3CN21,"[(24, 7)]"
CCSC1(C(CC(=O)c2ccccc2)c2c([N-][N+]#N)c(OC)c(C)c(OC)c2OCc2ccccc2)C=CC(=O)O1,"[(3, 4)]"
CCSC12OC(=O)C3C1N3c1c(OC)c(C)c(OC)c(OCc3ccccc3)c1C2CC(=O)c1ccccc1,"[(8, 9), (9, 7)]"
COC1CCCC2CCCC2C2(CCC2=O)C1,"[(16, 2), (11, 12)]"
COC(=O)NC([Ac])C(C)C(=O)C=Cc1ccccc1,"[(5, 7)]"
CC(C(=O)C=Cc1ccccc1)C(O)[Ac],"[(1, 12)]"
C=CC1(C)CCC(C(=C)C)C(O)C1c1ccccc1,"[(6, 10), (12, 2)]"
CCOC(=O)c1nc(-c2ccccc2)n2c1OCC2,"[(10, 11), (7, 8)]"
C=C(CC1(S(=O)(=O)c2ccccc2)CCCCCC(C)C1=O)C[Si](C)(C)C,"[(2, 3)]"
C=C1CC(=O)C2(CCCCCC2C)C1,"[(2, 3), (11, 5)]"
CC(=O)Oc1cc2c3n(c1=O)CCCC3(C)CC2,"[(4, 5), (6, 7)]"
CC(=O)Oc1cc2c3n(c1=O)CCCC3(C)CC2,"[(1, 3), (4, 5), (6, 7)]"
C=CCC1CC2N(CCC23C(=O)N(Cc2ccccc2)c2cc(OCc4ccccc4)ccc23)CC1CO[U],"[(6, 7), (9, 5)]"
O=C1CCCC2C=CC(CCOCc3ccccc3)C3CCN1C23,"[(8, 19), (23, 5), (22, 23), (22, 1)]"
O=C1C2C3C=CC(CCOCc4ccccc4)C2CCN1CCC3,"[(6, 17), (2, 3), (20, 1), (19, 20)]"
O=C1CCC2C=CCC2C1,"[(3, 4)]"
CC1(CO)CCCC1OCc1ccccc1,"[(1, 4)]"
CC(=O)OC1C(C)(C(=O)OC2C(=O)OCC2(C)C)OC(C)C1(C)[Si](C)(C)c1ccccc1,"[(4, 5), (18, 19)]"
O=C1CCC23C=NC([U])(O2)C(O)c2ccccc2N13,"[(7, 10), (18, 4)]"
COc1ccc2c(c1)C1C(OC)C(O[Si](C)(C)C)C(C)C(=O)C1(C)C(Sc1ccccc1)C2,"[(6, 7), (30, 15), (19, 21)]"
CN1C(=O)c2ccccc2C2c3ccccc3CCC21,"[(5, 10)]"
OCCCC1CCCO1,"[(0, 1), (7, 8)]"
OCCCC1CCCO1,"[(7, 8)]"
CC(C)(C)C1CCC(=O)N(CCC(O)c2ccccc2)CC1,"[(7, 9), (9, 20)]"
CC(COCc1ccccc1)C(O)CC1OC(=O)CC(C)C1O,"[(14, 15), (21, 22)]"
CC(COCc1ccccc1)C(O)CC(O)C1OC(=O)CC1C,"[(16, 17), (14, 15)]"
CCCCC(C(=O)O)=C(C)[Si](C)(C)C,"[(4, 8)]"

CC1CC=CC(CCC=O)C1,"[(5, 6)]"
COC(=O)C(C(=O)OC)=C1CCC(CC(C)OCc2ccccc2)O1,"[(4, 9)]"
COC(=O)C1CCN2C(=O)C=CC12O[Si](C)(C)C,"[(12, 4)]"
C=CC(C)(C=O)CCc1ccccc1,"[(2, 6)]"
[U]C([U])=NC12CC1COc1ccccc12,"[(6, 4), (4, 5)]"
[U]C1([U])CC2COc3ccccc3C2=N1,"[(13, 4), (1, 3)]"
CC1=CCCC(C)C=CC(C(C)C(=O)O[Si](C(C)C)(C(C)C)C(C)C)CC1,"[(9, 10), (25, 26)]"
C=C(C)C1(C(=O)OC)C(C(=O)OCC)SC2C(NC(=O)Cc3ccccc3)C(=O)N21,"[(3, 8), (8, 14)]"
O=C1C(O)C2CCC3CCC4CCN1C342,"[(13, 1), (12, 13), (14, 4), (10, 11)]"
CCOC(=O)C(C)=CC(O)CC1CC(O)C(C(C)(I)C(=O)OCC)O1,"[(16, 18), (15, 24)]"

CC(=CCCC(=CCCC=C(CCC=C(C)CCC1OC1(C)C)O[Si](C)(C)C(C)(C)C)O[Si](C)(C)C(C)(C)C)CCC1OC1(C)C,"[(5, 6), (7, 8), (9, 10)]"
C=C1CCC2C(C)(C)C(O)CCC2(C)C1CCC1C(=C)CCC2C(C)(C)C(O)CCC12C,"[(4, 5), (12, 14), (30, 17), (22, 23)]"
CCCCN1C(=O)c2c(-c3ccccc3)c(N3CCOCC3)c3c(c2C1[U])C(=O)N(c1ccccc1)C3=O,"[(8, 15), (35, 7), (4, 5), (36, 4), (35, 36), (15, 22), (34, 35)]"
CCCCC(O)C1OC(CS(=O)(=O)c2ccccn2)C2OC(C)(C)OC12,"[(3, 4), (7, 8)]"
C=C(C)C1CC2(COC(=O)c3ccccc3)COC(C)(C)C1C2,"[(21, 3), (17, 18)]"
O=C1CCCCC2(c3ccccc3)CCCN12,"[(16, 1), (16, 6)]"
O=C1N2CCCCC1(c1ccccc1)CCC2,"[(2, 3), (1, 2)]"
CC1C=CC2(CCC(=CC(C)(C)C)C2)CC1(C)C,"[(7, 13)]"
C=C1C2OC2(C)C(COCc2ccccc2)N1S(=O)(=O)c1ccc(C)cc1,"[(16, 1), (3, 4)]"
C=CC(C)C1(C)C(=O)OCc2ccc(OC)cc21,"[(2, 4), (8, 9)]"
COCC1(CCC(C)=C(C)C)Nc2ccc(C(=O)O)cc2CC1Cl,"[(22, 23), (3, 11)]"
CC[Si](CC)(CC)OC([U])C(=O)[U],"[(8, 10)]"
N#CC1=NC2CCCC2C1,"[(9, 2), (8, 4)]"
CC1(N)C([U])CC(O)CC1CO,"[(9, 1), (3, 5)]"
[U]CN[U],"[(1, 2)]"
COC(=O)C1=CCC2C(C=O)C12C(=O)OC,"[(8, 11)]"
CCOC(=O)C12CCCCC(=O)C1CCC2,"[(12, 5), (10, 12)]"
CCOC(=O)C12CCCCC(CCC1)C2=O,"[(9, 10)]"
COC(=O)C1=C2Nc3ccccc3C23CCN(Cc2ccccc2)C3CC1CC1(C)OCCO1,"[(26, 4), (16, 24), (24, 13)]"
CC1CC2CC(C)(C)CC2C(C)(O)C12CC2,"[(15, 13), (10, 13), (9, 3)]"
CC=CCCN1C2Nc3ccc(Cl)cc3C1Nc1ccc(Cl)cc12,"[(5, 6), (15, 5), (9, 15), (23, 6)]"
CCOC(=O)N1CCC2c3c(OC)ccc(Cl)c3CCC2C1,"[(8, 9), (20, 21), (21, 5)]"
CCOC(=O)N1CCC2C(CCC3=CC(=O)C=CC32Cl)C1,"[(20, 5), (9, 20), (18, 8)]"
CCOC(=O)N1CCCC(CCc2cc(OC)ccc2Cl)C1,"[(21, 5), (9, 21)]"
CC12CCC3CC1OC(=O)C32C,"[(6, 7), (1, 2)]"
CCCCC=CC1CCCOC1C=C(C)C,"[(11, 6), (10, 11)]"
CCSC(=O)CC1C(SCC)=CC(=O)C1C(=O)OC(C)(C)C,"[(7, 11), (14, 6)]"
O=Cc1cc2c(c3ccccc13)OCC2,"[(2, 3)]"
COC1c2ccccc2C(=O)C1(OC)P(=O)(OC)OC,"[(11, 2), (11, 12)]"
COC1=C(P(=O)(OC)OC)c2ccccc2C(OC)O1,"[(1, 2), (16, 19), (3, 10)]"
CC1C(=O)CC2C3CCCC(C3=O)C12,"[(10, 13), (5, 6)]"
CC12C(=O)C3C=CCC3C1CCC2O,"[(12, 1)]"
C[Si](C)(C)C1C=C(O[Si]([U])([U])[U])CCC(=O)CC1[U],"[(17, 4), (5, 6)]"
CC([U])C(O)C(C)C1COC(C)(C)O1,"[(3, 4)]"
CC(=O)C12CCCCC1CCC2,"[(0, 1), (11, 3)]"
CC1CC(C2CCC3N2CCCCC32CC(C)C(=O)O2)OC1=O,"[(3, 20), (8, 4)]"
CC([Ac])C(O)CC1(C)OC1(C)CO[Si](C)(C)C(C)(C)C,"[(6, 8), (8, 9)]"
CC1=CCC([U])C2C1C([U])OC2C1(C)OC1CCO,"[(14, 15), (12, 14)]"
CCOC(=O)C1([U])CCCN1C(=O)OC(C)(C)C,"[(5, 7)]"
CCOC(=O)C1C(C(=O)OC)=C(C(=O)OC)C([Ac])N1c1ccccc1,"[(11, 16), (5, 6), (18, 5)]"
CCCCCCC=CC(O)C1CCCCC12CC(COc1ccccc1)CN2,"[(27, 15), (15, 10), (8, 9)]"
COC(=O)c1cn2c(c1C(=O)OC)c(=O)n(C)c1ccccc12,"[(4, 5), (17, 18), (5, 6), (17, 6), (13, 15)]"
COC(=O)C1=NC(C)(c2cccc3c(C(=O)OC)c(C(=O)OC)nn23)C(C(=O)OC)=C1C(=O)OC,"[(21, 8), (11, 16), (29, 30), (4, 5)]"
CC1CCC(C(C)(C)O)C(O)C1,"[(4, 9), (5, 8)]"
O=C([Ac])C1SCc2cc3c(n21)COC3,"[(8, 9), (6, 7)]"
COc1ccc(-c2nc(-c3ccncc3)c(-c3ccccc3)n2C[U])cc1,"[(8, 15), (6, 7)]"
CC(C)C1SC1(C(=O)C([Ac])C(=O)N(C)Cc1ccccc1)c1ccccc1,"[(5, 3), (3, 4)]"
CC(C)C1N([Ac])C(=O)C1(SC(=O)N(C)Cc1ccccc1)c1ccccc1,"[(8, 3), (3, 4)]"
C=CCC1CC(=C(Sc2ccccc2)C(=O)OC)C2=C1CCCC2,"[(2, 3)]"
CC1=C(C)CC23CCCC2CC(C)(C1)C3=O,"[(4, 5), (11, 13), (9, 10)]"
CC1=CC2(O)C(O[U])=C(O[U])C(=O)C23C(C)CCC13,"[(13, 14), (17, 18), (2, 3), (13, 3), (18, 1)]"
CC1CCCC(CC2CCCC(C)O2)O1,[]
CC1CCCC(CC2CCCC(C)O2)O1,"[(13, 7), (5, 14)]"
COC1CCC2C=CC(C)C(=O)C=C21,"[(8, 10), (12, 13)]"
CN1CCC23CCCCC2C1Cc1ccccc13,"[(11, 12), (10, 11)]"
CCOC(=O)CC1COc2ccccc2C1=O,"[(15, 6)]"
CC1=CC2(C)CCCC23C(C)CCC13C,"[(13, 8)]"
CC1CCC2(C)CC3(C)CCCC13C2=O,"[(12, 13), (3, 4)]"
O=C1CCC2(O)CCCCC2C2(O)CCCCC12,"[(17, 1), (3, 4), (10, 11)]"
C=CC(C)C(O)[U],"[(2, 4)]"
COC(=O)C(C)(O)CC(=O)SC(C)(C)C,"[(4, 7)]"
OC([U])C1CCCN1C(c1ccccc1)(c1ccccc1)c1ccccc1,"[(1, 3)]"
CC(=O)C([U])C([Ac])N[Ac],"[(3, 5)]"
CC(=O)C([U])C([Ac])N[Ac],"[(3, 5)]"
CN1CC=C([Ac])C2C=CCC21,"[(10, 6)]"
COCOC1C=CC2([Ac])C(C1)N(C)CC2[Si](C)(C)c1ccccc1,"[(7, 9), (13, 14)]"
CCC1C(=O)C2(C)c3ccc(OC)cc3CCC2C1C,"[(5, 7), (17, 18)]"
C=C1CC2CCCCC2C2(O)CCCCC12,"[(15, 9), (2, 3)]"
C=C1CC2CCCCC2C2(O)CCCCC12,"[(2, 3)]"
C=C1CC2CCCCC2C2(O)CCCCC12,"[(15, 9)]"
CC(=O)C=Cc1ccc2occc2c1,"[(6, 7)]"
O=C(O)C1C=Cn2c(=O)c3ccccc3c(=O)n21,"[(17, 3), (5, 6)]"
C=C=Cc1cc(C(C)(C)C)ccc1C(C)(C)C,"[(16, 3)]"
CC1CCCOC12OCCCC2C,"[(5, 6), (6, 7)]"
C=CCC1OCC2OC(C)(OC)C(C)(OC)OC2C1OCc1ccccc1,"[(2, 3)]"
C=CCC1OCC(O[Si](C(C)C)(C(C)C)C(C)C)C(O[Si](C(C)C)(C(C)C)C(C)C)C1O[Si](C(C)C)(C(C)C)C(C)C,[]
CCCCCCCCCC1CC(C(C)=O)C(Cc2ccccc2)N1,"[(11, 15), (9, 10)]"
CC([U])C(=O)N(C)C(C)C(O)c1ccccc1,"[(1, 2)]"
CC(C)C(O)C(C)C1OC1C,"[(8, 9), (7, 8)]"
CC(=O)CC(O)C(OCc1ccccc1)C(O[Si](C)(C)C(C)(C)C)C(C)C,"[(3, 4)]"
CC(C)(O)C(=O)C1C2C=CC(C2)C1c1ccccc1,"[(6, 7), (10, 12)]"
C=C1c2c(c3ccccc3oc2=O)SCC1c1cc(C)ccc1O,"[(6, 7), (1, 2)]"
O=C(O)C1C=Cc2ccccc2CN1,"[(12, 13), (7, 12)]"
C[Si](C)(C)C=CC1CCC2OC(=O)CC12,"[(14, 6)]"
C=C1CCCCC12CCN(C)C2(C(=O)OCC)C(=O)OCC,"[(11, 6)]"
CCOC(=O)C1=CC2=C(C=O)C(O[U])CCC2(C)CCC1=O,"[(5, 6)]"
CCOC(=O)CCC(=O)c1ccccc1,[]
CCOC(=O)CCC(=O)c1ccccc1,"[(6, 7)]"
Cc1cccc2c1C(C(=O)O)C13CC(=O)C(C)(CCC21)C3,"[(9, 10)]"
COc1ccc(-n2c3c(c(C)c(OC(C)=O)c2=O)Cc2ccccc2-3)cc1,"[(16, 17), (9, 14)]"
C=CCC1CC2N(CCC23C(=O)N(Cc2ccccc2)c2cc(OCc4ccccc4)ccc23)CC1CO[Si](c1ccccc1)(c1ccccc1)C(C)(C)C,"[(9, 5), (6, 7)]"
COC(=O)C12CCC(=O)c3cccc(c31)N(C(=O)OC(C)(C)C)C2,"[(10, 4), (5, 6), (10, 11), (14, 9)]"
CCOC(=O)c1c(C(OCc2ccccc2)C2O[Si]([U])([U])OCC2O[Si](C)(C)C)c[nH]c1[U],"[(8, 9), (5, 6), (10, 5)]"
C=CC1CCC=C2CCC=CC21,"[(11, 2), (3, 4)]"
CC(C)(Cc1ccccc1)C(=O)C(C(O)C(F)(F)F)C(F)(F)F,"[(12, 13)]"
CC1=CC(=O)CC(=O)C2CCCC12,"[(12, 1), (3, 5)]"
CC1=CC2(O[Si](C)(C)C(C)(C)C)CC(=O)C23CCCC13,"[(15, 3), (3, 12), (19, 1)]"
COC(=O)C(O[Si](C)(C)C(C)(C)C)C(OC)C(C)C(=O)C(C)C(O)C(C)=CC(C)C(C)O[U],"[(20, 22)]"
CCOC(=O)C12CCCN3CCCCC34CC1C(OCc1ccccc1)C(C)C4C2=O,"[(28, 14), (16, 5), (14, 9)]"
CCC12CCC(=O)C1C1CCN(CC2)C12OCC(C)(C)CO2,"[(11, 14), (11, 12)]"
CC(C)C(O)C(C)C(O)c1ccccc1,"[(3, 5)]"
CCC=C(CBr)C(O)CC(O)C(=CCC)CO[Si](C(C)C)(C(C)C)C(C)C,"[(6, 8)]"
Cc1ccc(OCCO)c2c1CCCC2,"[(2, 3)]"
[U]C1([U])SCc2cc3c(n21)COC3,"[(7, 8), (5, 6)]"
COc1ccc2c(c1)OC(C)(C)C=C2,"[(5, 6), (8, 11)]"
CC1(c2ccccc2)C=C(C(=O)N[U])C=CC(=O)C1,"[(18, 1), (1, 8)]"
C=CC(C)C(O)CC(O)[U],"[(6, 7), (2, 4)]"
O=C1C(c2ccccc2)=CC2CCCC12,"[(1, 2), (9, 10), (14, 1)]"
CC(C=Cc1ccccc1)c1ccccc1,"[(1, 10)]"
COC(=O)c(C(=O)OC)C(C)C=Cc1ccccc1,"[(1, 10)]"
CC(=O)[U],"[(1, 2)]"
O=C(CCc1ccccc1)c1ccccc1,"[(3, 4)]"
[U]C#Cc1ccccc1,"[(2, 3)]"
[U]C=C[U],"[(1, 2)]"
CC1(C)CC2CC3CCC=C3C2C1O,"[(5, 6), (11, 4)]"
COC1(NC(=O)Cc2cccs2)C(=O)N2C(C(=O)OC(C)(C)C)=C(COC(C)=O)CSC21,"[(1, 2)]"
C=CC12CC=C(O[Si](CC)(CC)CC)C3C4CCOC3(OC1=O)C2=CC4[U],"[(2, 3), (18, 19), (20, 21)]"
CC1=C2CCCC2=CC(=O)C12OCC(=O)O2,"[(15, 10)]"
CC(C)C1CC(=O)C2=CCCCCC21C,"[(13, 3)]"
CC(C)C1CC(=O)C2=CCCCCC21C,[]
CC(C)C1CC(=O)C2=CCCCCC21C,"[(13, 3)]"
CC(C)C1=CC(=O)C2(CCCCC2)C1C,"[(12, 7)]"
COC1=C(C)C(=O)C(C)C1(C)C(=O)O,"[(7, 9)]"
COC(=O)C1C(C(C)C)C=CC2C(C#N)CCC21,"[(12, 13)]"
COCOC1C2C(C)=C(C)CCC=CC2CC1(C)C,"[(14, 5), (10, 11)]"
CCC(=O)N1C=CN2C(=O)C(C)C3(C(=O)CC)C(C(=O)OC)=C(CC)OC123,"[(25, 26), (17, 22), (26, 12), (10, 12), (7, 8)]"
N#CC=C1CCCC2(CCCCO2)OC1,"[(7, 13), (13, 14), (12, 7)]"
CC1CCCC2(CCCC2(C=O)CC#N)O1,"[(9, 5), (5, 15)]"
[U]CC1=CC2CCCC2C1[U],"[(1, 2), (9, 10), (8, 4)]"
CC(=O)O[U],"[(1, 3), (3, 4)]"
CN1CCC2C3CCOC2(C)c2[nH]c4ccccc4c2C31,"[(8, 9), (20, 1)]"
COC(=O)C1=C(N2CCCC2)C2CC(=O)C3(CC(=O)c4ccccc43)C12C(=O)OC,"[(4, 5), (25, 11), (15, 25), (15, 16)]"
COc1ccc(OCC2C=CC(O[Si](C)(C)C(C)(C)C)CC(C=O)=CO2)cc1,"[(25, 8)]"
CC(=O)OC1CC2C(=O)CCN(C)C2C1,"[(10, 11)]"
OC1C#CCCC(O)C#CCC1,"[(8, 9), (6, 8), (2, 3), (1, 2)]"
C=CC1c2ccc(OC)cc2NC2C(C)CCC12,"[(2, 3), (17, 12), (11, 12)]"
Cc1ccc(S(=O)CC23C=CC(=O)CC2C2C(=O)C4C5CC(=O)C=CC5(CS(=O)c5ccc(C)cc5)OC4C(O)(CS(=O)c4ccc(C)cc4)C2O3)cc1,"[(50, 51), (14, 15), (36, 37), (18, 19)]"
OCC(O)CCCCOc1ccc(OCCCCC(O)CO)cc1,"[(20, 21), (18, 19), (2, 3), (0, 1)]"
CCC(O[Si](c1ccccc1)(c1ccccc1)C(C)(C)C)c1c(CCC(C(C)=C[Si](C)(C)C(C)(C)C)=C(C)C)c(CO)c(CO)c2c1CC2,"[(39, 42), (21, 22), (45, 46)]"
COc1c([U])c([U])c(O)c2ccccc12,"[(7, 9), (14, 2), (2, 3), (5, 7)]"
COc1cc(OC)cc(-c2cc3ccccc3o2)c1,"[(17, 9), (10, 11)]"
C=CC(C)C1OC(CO[Si](C)(C)C(C)(C)C)CC1=O,"[(2, 4), (4, 5)]"
CC(C)C(COCc1ccccc1)N=C(c1ccccc1)N1C=CC([U])C=C1,"[(24, 25), (14, 21)]"
CC(C)C(COCc1ccccc1)N=C(c1ccccc1)N1C=CC=CC1[U],"[(26, 27), (14, 21)]"
CCCCC=C1CCc2c(O)c(OC)c(OC)c(O)c21,"[(19, 5), (8, 9)]"
CCCCC=C1CCC2=C1C1(CO1)C(OC)=C(OC)C2=O,"[(10, 11), (9, 5), (19, 8)]"
COC(=O)C=CC1CCC=C1C12CC1CC(C)(C)C2OCc1ccccc1,"[(10, 6), (7, 8), (11, 12), (13, 11)]"
CCC(CCCn1ccc(N(C(=O)OC)c2ccccc2)c1)C(=O)OC,"[(21, 6), (6, 7), (22, 24)]"
O=C1CC=CC=CN1,"[(1, 2), (6, 7)]"
O=C(O)C12C3C4C5C3C1C5C42,"[(8, 3)]"
COc1ccc2c(c1)CCC1C2CCC2(C)C(=O)CCC12,"[(8, 9), (10, 11), (20, 10), (13, 14)]"
COc1ccc2c(c1)CCC1C2CCC2(C)C(=O)CCC12,"[(8, 9), (10, 11)]"
O=C1C(O)=Cc2ccc(O)c3ccc(-c4ccccc4)c1c23,"[(13, 20), (21, 10)]"
CCCCC(=O)CCC1=C(C)CCC1,"[(6, 7)]"
COC1=CC23CCCN2CCc2cc4c(cc2C3C1O)OCO4,"[(3, 4), (17, 18)]"
Cc1cccn1C,[]
Cc1cccn1C,"[(4, 5), (5, 1)]"
COC(=O)C1C=CC(=O)C2(C)CCCC12,"[(4, 5), (14, 9)]"
CC(=O)C12C(=O)C(C(C)=O)(C3=C1c1cccc4cccc3c14)C1C3C=CC(C3)C12,"[(6, 10), (11, 3), (6, 22), (28, 3)]"
CCOC(=O)CC1(C)CCCC(=O)C1C#N,"[(5, 6), (13, 14)]"
COC(=O)C=Cc1ccc(OC)c(C)c1,"[(4, 5)]"
COc1cc2c(cc1C)C(C(C)C)CC2=O,"[(9, 10), (14, 4)]"
COc1cc2c(cc1C)C(C(C)C)CC2C#N,"[(14, 15)]"
COC(=O)C1(C)CC(C(C)C)c2cc(C)c(OC)cc21,"[(4, 5)]"
CC(C)C1CC2(C)C(=O)OC3CC2C1CC3C,"[(7, 9)]"
CC(C)C1CC2(C)CC3(C)CC1C2CC3=O,"[(7, 8)]"
COC1(C)OC(=O)c2ccccc21,"[(2, 4), (1, 2)]"
CC(C)(C)C(=O)O,"[(1, 4)]"
C=CC(C)C([U])OB(C)C,"[(2, 4)]"
CC1CC(c2ccccc2)c2ccccc21,"[(3, 10), (1, 2)]"
O=Cc1ccccc1,"[(1, 2)]"
COc1ccc2c(-c3ccccc3)ccc(O)c2c1,"[(12, 5)]"
COc1cccc(N)c1,"[(6, 7)]"
CC(C)(C)c1ccc([N+](=O)[O-])cc1,"[(7, 8)]"
Cc1ccc(C)c2c1C(=O)OC2=O,"[(1, 2), (8, 9)]"
CC1CCCC(=O)O1,[]
CC1=CCCc2ccccc21,"[(10, 1)]"
O=C1Cc2ccccc2C([U])C1,"[(8, 9)]"
COc1ccc2c(c1)CCC1=C2CCC2(C)C(=O)CC=C12,"[(20, 10)]"
CC1=C2CCc3ccccc3C2(C)CCC1,"[(6, 11)]"
N#CC(N)[U],"[(2, 3), (1, 2)]"
[U]NC1CCCCC1,"[(1, 2)]"
O=C(c1ccccc1)C1CCC(O)CC1,"[(1, 2)]"
CC1OC12CCCCC2,"[(3, 1), (1, 2)]"
CC1CCCC(=O)N1,"[(5, 7), (7, 1)]"
COC(=O)c1ccc(O)c2oc(C)cc12,"[(13, 14), (10, 11)]"
CC1=C2CCCC2(C)CC1=O,"[(1, 2)]"
c1ccc2c(c1)Oc1ccccc1C21c2ccccc2-c2ccccc21,"[(13, 14), (21, 13)]"
CC=CC1OC2COC(=O)C2C(O)C1I,"[(3, 4), (13, 14)]"
CC=CC1OC2C(C)OC(=O)C2C1C=O,"[(11, 12)]"
C=CCC1(O)CCCCCCC1=O,"[(2, 3)]"
C=CCOC1CCC=CCCC1=O,"[(2, 3)]"
C1=CC2C3CCCC2CC1C3,"[(8, 9), (7, 2), (2, 3), (9, 10)]"
CC1CC1C(N)=O,"[(2, 3)]"
CCOC(=O)CC(=O)[U],"[(5, 6)]"
CC(C)(C)C1CCC(=O)C(Br)C1,"[(9, 10)]"
C=C(C)CCC=C(C)CCC=CCCCC1=C(C)CCC1=O,"[(15, 16)]"
CC1=CCC2C3CCC4=C(C)CCC4(C)C3CCC2(C)C1,"[(13, 15), (4, 5), (18, 20)]"
CC(=O)C1=CCC2C3CCC4=CC(=O)CCC4(C)C3CCC12C,"[(3, 4)]"
CC(=O)C1=CCC2C3CCC4=CC(=O)CCC4(C)C3CCC12C,"[(10, 11), (3, 4)]"
O=C1CCC2CN(C(=O)c3ccccc3)c3cccc1c32,"[(19, 1)]"
O=C1c2cccc3c2C(CC1Br)CN3C(=O)c1ccccc1,"[(10, 11)]"
CN(CC1(C)OCCO1)C1CC2CN(C(=O)c3ccccc3)c3cccc(c32)C1=O,"[(1, 9)]"
CN1CC(=O)C=C2c3cccc4c3C(CC21)CN4C(=O)c1ccccc1,"[(5, 6)]"
CN1CC(C#N)C=C2c3cccc4c3C(CC21)CN4C(=O)c1ccccc1,"[(3, 4)]"
O=C1CCCC2CC12,"[(6, 7), (5, 6)]"
C1=Cc2ccccc2COC1,"[(5, 6), (7, 8)]"
CC1(O)CCCC2(C)CCCC(=O)C12,"[(13, 1)]"
COC(=O)C1C(C)C2CCC1(OC)CC2=O,"[(10, 4), (5, 7)]"
O=C1CCNC(=O)N1,"[(3, 4), (5, 7)]"
[U]c1c2ccccc2c([U])c2ccccc12,"[(11, 1)]"
CC1(C)CN=C([U])O1,"[(4, 5), (7, 1)]"
O=C1C2CCCC2CC2(O)CCC12,"[(12, 8)]"
ClC1C23CC=CCC12CC1OC1C3,"[(9, 10), (10, 11)]"
COc1ccc2c(c1)CCC1CCC(C)=CC21C,"[(16, 5)]"
CC12CCC(=O)C=C1CCCC2=O,"[(6, 7)]"
CC12CCC(=O)C=C1CCCC21OCCO1,"[(11, 12), (15, 11)]"
CC=C1C=C2CCCC3(OCCO3)C2(C)CC1,"[(1, 2)]"
CC(O)C1(O)C=C2CCCC3(OCCO3)C2(C)CC1,"[(1, 2), (3, 4)]"
CC1=CC2CCCC3(OCCO3)C2(C)CCC1=O,"[(1, 2)]"
CC1C(=O)CCC2(C)C(=O)C3CCC2C13,"[(14, 10)]"
CCOC(=O)C1OC1c1ccccc1,"[(7, 5), (5, 6)]"
O=C([U])CC([U])N([U])[U],"[(3, 4), (4, 6)]"
COC(=O)C1C(=O)C(C(=O)OC)C2C(C(=O)OC)C(=O)C(C(=O)OC)C12,"[(25, 4), (7, 12), (20, 25), (12, 13)]"
[U]N=C([U])[U],"[(2, 4)]"
CC1CCC(C(C)C)C(C=O)C1=O,"[(8, 9)]"
CC(=O)CCC1(C=O)C(=O)C(C)CCC1C(C)C,"[(4, 5)]"
CC1=CCC2C(=O)C1(C)CCC2C(C)C,[]
CC1=CCC2C(=O)C1(C)CCC2C(C)C,"[(7, 1)]"
COC(=O)C1CC2C=CC1C1C=CC21,"[(9, 4), (5, 6), (13, 10)]"
O=COCc1ccccc1,[]
O=COCc1ccccc1,"[(2, 3)]"
O=COCc1ccccc1,"[(2, 3)]"
OC([U])([U])C(O)([U])[U],"[(1, 4)]"
CC1(C)CCC(C)(C)c2ccccc21,"[(13, 1), (5, 8)]"
CC(C)(O)C1CCC(=O)CC1,"[(1, 2), (0, 1)]"
O=CC1CCCCC1,"[(1, 2)]"
O=CC1(O)CCCCC1,"[(1, 2), (2, 3)]"
CC=Cc1ccccc1,"[(1, 2)]"
CC(=O)NC1CCCCC1,"[(3, 4)]"
[U]c1ccc([U])n1[U],"[(4, 6), (6, 1)]"
O=C([U])N[U],"[(3, 4), (1, 3), (1, 2)]"
CC1(C)CC23CC4CCC(C#N)C45C2(O[Si](C)(C)C3)C1=CC[Si]5(C)C,"[(20, 21), (18, 4), (9, 12), (7, 8), (12, 6)]"
O=C(C1=C2SSC(c3ccccc3)=C2SS1)c1ccccc1,"[(9, 10), (11, 12), (21, 8), (19, 20)]"
CC1=CC2C3C=CC(C12)C1C(=O)OC(=O)C31,"[(15, 4), (7, 9), (8, 3)]"
COC1=C(Sc2ccccc2)CC2C(=O)OC(=O)C2C1,"[(11, 12), (18, 19)]"
OCC1C2C=CC=CC2C1CO,"[(8, 3), (9, 2)]"
C1=CCC2=C(C=CC2)C1,"[(4, 8)]"
CC(C)C1COC(=O)N1C(=O)C(C)C(O)C[U],"[(11, 13)]"
Cc1cc(O)nc2ccccc12,"[(3, 5), (11, 1)]"
CC(C)C1CCC(C)C2CCC(=O)C=C12,"[(9, 10), (13, 14)]"
CC1(C)CC2C(=O)CCCC21,"[(3, 4), (10, 1)]"
COC(=O)C1(C)CCC2C(CC2(C)C)C12CCC(=O)O2,"[(19, 14), (14, 15)]"
C=CCC1=CCC(=C)C2C3OC(C)(C)OC3CCC12O,"[(2, 3), (4, 5)]"
COC([U])(OC)OC,[]
COC([U])(OC)OC,"[(2, 4), (1, 2), (2, 6)]"
CC(=O)NC1(C)CCCCC1,"[(3, 4)]"
CCC1C=CC2N(CCC23C(=O)N(Cc2ccccc2)c2ccccc23)C1,"[(5, 6), (26, 2)]"
COc1ccc(NN=C2CCCNC2=O)cc1,"[(6, 7)]"
COc1ccc2[nH]c3c(c2c1)CCNC3=O,"[(6, 8), (9, 10)]"
COC1(OC)C(=O)c2c1ccc1c2CCCC1,"[(8, 9)]"
CC1Cc2cccc(O)c2-c2ccccc21,"[(2, 3)]"
CC1=C2C(=O)C=CC(C)(C)C2OC1,"[(1, 2), (10, 11)]"
COc1cccc2c1C(O)=C1C(=O)C3(CO[Si](C)(C)C(C)(C)C)OC3CC1C2(C)O,"[(27, 28), (8, 11)]"
CCC12CCCN3C(=O)CC(c4ccccc4N(C(=O)OC(C)(C)C)C(=O)OC(C)(C)C)(CCC1=O)C32,"[(2, 3), (36, 6)]"
COC(=O)C(NC(C)=O)C(C)(C)S,"[(9, 12)]"
CCC1(CCC(=O)OC)C=CC(=O)CC1,"[(9, 10), (14, 2)]"

CC12CCCC1(C#N)C1=CCC=CC=C1C1=C2CCC1,"[(5, 1), (14, 15)]"
CC1(C(O)CCc2ccccc2)CO1,"[(1, 2)]"
N#CCC1CCCC23CCCC2C(C#N)ON13,"[(16, 3), (11, 7), (12, 15), (16, 7)]"
CC(C=O)=CCC(O)CC1C=CCC(CCOC(=O)c2ccccc2)O1,"[(8, 9), (5, 6)]"
O=C1C2C3C=CC(C3)C1(Cl)C1C=CCC21,"[(6, 8), (2, 3), (14, 2), (1, 2)]"
O=C1C2C3C=CC(C3)C1(Cl)C1C=CCC21,"[(6, 8), (2, 3)]"
CC1=C(O[Si](C)(C)C(C)(C)C)CC2COC(=O)C23CN(Cc2ccccc2)C(Cc2ccccc2)C13,"[(35, 17), (11, 12)]"
CC=CCN(Cc1ccccc1)P1(=O)OCC(C)(C)CO1,"[(4, 12), (3, 4)]"
CC1=CC(=O)CCC1(C)C,"[(1, 2)]"
C=CCc1ccccc1N(C)C,"[(2, 3)]"
CC1C2C=CCC12,"[(1, 2)]"
C=CC1CC2C(=O)CCC(=O)C12,"[(11, 2), (3, 4)]"
O=C1C=CC2C=CC2C1=O,"[(7, 4)]"
COC(=O)C1=CC=CC2C(=O)CCCC12C,"[(14, 4), (7, 8)]"
CC1(C)C2C=C(O)C(=O)C3(CCCC31)C2=O,"[(1, 3), (13, 9)]"
COC(=O)C1=C(C(=O)OC)C(C)c2cc(OC)ccc2C1C,"[(5, 10), (20, 4)]"
C=CC1(C)CCC2(C(=O)O1)C(C(=O)OC)=C(C(=O)OC)Cc1ccc(OC)cc12,"[(6, 10), (15, 20)]"
CCOC(=O)CC(C)C=CCC(C)CCCC(C)C,"[(5, 6)]"
O=C1C2=CCCCC2C2CCCCC12,"[(7, 8)]"
CCc1[nH]c2ccc(C)cc2c1C,"[(3, 5)]"
C=CCC1(C)C(=O)C2(C)C=CC1C1C(=O)OC(=O)C12,"[(11, 12), (18, 7), (2, 3)]"
COC(=O)C(C)(C)C1(O)C=CCCC1,"[(4, 7)]"
COC(=O)C(C)(C)C1CCCC(=O)C1,"[(4, 7)]"
CCOC(=O)C1OC1(C)C,"[(7, 5), (5, 6)]"
O=C1CCCC1CN1CCCCC1,"[(5, 6), (6, 7)]"
c1ccc2nc3c(cc2c1)CCCC3,"[(10, 11), (4, 5)]"
[U]COC1CCCCO1,"[(2, 3)]"
CCC(=O)C1CCC(O)C1,"[(1, 2)]"
CCCC(=O)OC(=O)CCC,"[(3, 5)]"
CCCCCOC(=O)CCC,"[(5, 6)]"
COC1CCC2C(CCCN2Cc2ccccc2)C1,"[(10, 5), (9, 10)]"
COC(=O)C(C(C)C)N1CCCC1c1ccccc1,"[(8, 9), (12, 8)]"
O=C1OC(=O)C2C(c3ccccc3)c3ccccc3C(c3ccccc3)C12,"[(19, 26), (5, 6)]"
C=CC(C)(C)SCC=C(C)C,"[(2, 5)]"
c1ccc(C2CO2)cc1,"[(4, 5), (6, 4)]"
CCOC(=O)CCC1CCN(C(C)=O)CC1C(C)=NO,"[(16, 18)]"
CC1C(=O)CC2CC(=O)C3CC([U])([U])CC213,"[(15, 9)]"
OCC1CCCC2CCCN12,"[(10, 6), (10, 2)]"
O=C1CC([Ac])C([U])O1,"[(7, 1), (3, 5)]"

COc1cccc(C2(C=O)CCC(O[Si](C)(C)C(C)(C)C)CC2Br)c1O[Si](C)(C)C(C)(C)C,"[(6, 7), (7, 8), (22, 23)]"
C=CCC1CC(=O)C([U])([U])C(CCc2ccccc2)O1,"[(7, 10), (2, 3)]"
CC1CC2OC(=O)CC(C1O)C21CCCN2CCCC21,"[(4, 5)]"
COc1ccc2c(c1)C1(C)CC3(CCC1C=C2)OCCO3,"[(5, 6)]"
CCC1OC2OC(c3ccccc3)C1(C)C2(C)O,"[(4, 5)]"
CCN(CC)C(=O)c1cc(O)c2c(=O)c(C)c(C)oc2c1,"[(16, 18)]"
CCOC(=O)CC(C)C=CCOCc1ccccc1,"[(5, 6)]"
C=C1CCCCC1O,"[(6, 7)]"
CC(C)(C)[Si](C)(C)OC1C=CC=CCCCCOC(=O)c2c(cc(O[Si](C)(C)C)cc2O[Si](C)(C)C)C1,"[(30, 20), (21, 22)]"
FC(F)(F)C1=C(C(F)(F)F)C2(F)C1(F)C(F)(C(F)(F)F)C2(F)C(F)(F)F,"[(10, 12), (14, 20)]"
COc1cc2c3c(c1OC)C1C=CC=CC1C(=O)N3CC2,"[(12, 7), (20, 6)]"
C=CCC1CCCCC1=O,"[(2, 3)]"
CCOC(=O)c1cc2c(O)c(OC)cc3c2c(n1)C1(c2ccccc2)c2ccccc2C(c2ccccc2)C1C3,"[(16, 17), (15, 16), (38, 18), (26, 31)]"
CCOC(=O)C1=C(O)C2Oc3ccccc3C2C1,"[(17, 5), (16, 17), (6, 8), (16, 8), (8, 9)]"
O=C(O)C=CCC1C2C=CC3C(c4ccccc4)C=CC4CC1C2C43,"[(24, 20), (10, 11), (22, 6), (23, 7)]"
CCCCOC1CC(C)c2c(oc3ccccc23)S1,"[(18, 5), (7, 9), (6, 7)]"
C=CCOC1C2(C)CCC1(O)C13OCC(C)C1(O)CCC23C,"[(9, 11), (20, 5), (14, 16)]"
COC(c1ccccc1)P(=O)(OC)OC,[]
COC(c1ccccc1)P(=O)(OC)OC,"[(2, 9), (1, 2)]"
COC(=O)C1=CCC2(OC)OCCCC12,"[(14, 7), (6, 7)]"
Cc1ccc(OCC2=CCSc3c2c(=O)oc2ccccc32)cc1,"[(12, 7)]"
C=C(C)C1CCC(C)C2CCC(=O)CC12,"[(14, 3)]"
CC1=CC2(C(C)C)CCC(C)(C2)C1=O,"[(3, 7), (2, 3)]"
COC1=C(C)C(=O)C23CCCC4CCC(C=C(OC(C)(C)C(C)(C)C)C2)C43C1=O,"[(26, 11), (7, 8), (25, 7), (14, 26)]"
Cc1ccc(CC2C(OCc3ccccc3)C3CC4(CCC3OCc3ccccc3)CC(CO)CN24)cc1,"[(31, 34), (35, 18), (18, 30)]"
O=C(NCC1C(=O)N2CCCSC12c1ccccc1)OCc1ccccc1,"[(12, 4), (5, 7), (3, 4)]"
CCCCC1CC(c2ccccc2)=CC(=O)C1S(=O)(=O)c1ccccc1,"[(14, 16), (4, 5)]"
CC(=O)OC1CC(=O)OC(C(C)CCOc2ccccc2)CC=C1C,"[(4, 5)]"
CCCCCCCC1C=CCC(O)C2C(=O)C1(OCC)CC1CCC(=O)C12,"[(16, 7), (26, 13), (20, 21)]"
C=C1CC2(C)CCCC(=O)C1C2(C)C,"[(10, 11), (3, 4)]"
C=C1CC(C)(C)C2(C)CCCC(=O)C12,"[(13, 6), (2, 3), (6, 7)]"
CC12C=CCC3C(=O)c4ccccc4C3=C1CCC2,"[(14, 5), (15, 1), (4, 5)]"
O=C1Oc2ccc3ccccc3c2C1[U],"[(12, 3), (1, 2)]"
Cc1nc2ccccc2c2c1CCC2,"[(1, 2), (9, 10)]"
CC12CCCC13OC(=O)CCC3C(=O)OC2,"[(11, 5), (6, 7)]"
CC1(C)CC2C(C1)C1(C)CCCC(=O)C21,"[(14, 4), (5, 7)]"
CC1(C)CC2C(C1)C1(C)CCCC(C)(O)C21,"[(12, 13)]"
CC1(C)CC2C(C1)C1(C)CCCC2(C)C1O,"[(12, 4)]"
CC1(C)CC2C(C1)C1(C)CCCC2(C)C1O,"[(12, 4), (14, 7), (4, 5)]"
OC1CCCC2CC12,"[(6, 7), (7, 5)]"

C=C(C)C=CCC(C)C1CCC(C)c2c(O)c(OC(C)(C)C)c(C)c(O)c21,"[(14, 15), (25, 13)]"
CC1=CC2CC(C)C3CCC(C)C4(C1)C(=O)C(OC(C)(C)C)=C(C)C(=O)C234,"[(26, 3), (12, 13)]"
C=C(C)C1C2CC(C)C3CCC(C)C4=C(O)C(=O)C1(C)C(=O)C432,"[(22, 4), (18, 3)]"
COC1CCN2C(=O)CCC23CCCCC13,"[(5, 6), (10, 5)]"
CC1=CC2OC(c3ccccc3)C3(OCCC13)O2,"[(16, 1), (12, 17), (17, 3)]"
CC(=O)Oc1cc([U])cc2oc(N)c(-c3ccc([U])c([U])c3)c12,"[(1, 3), (14, 5), (11, 12)]"

O=C1CCC([U])OC([U])C1,"[(4, 6), (3, 4)]"
O=CC12CCCCC1C1CCCC2O1,"[(12, 2), (7, 8)]"
CCCC1(CCC2(c3ccccc3NC(=O)OC(C)(C)C)C(Sc3ccc(C)cc3)OC(=O)C2(Cl)Cl)OCCO1,"[(33, 6), (21, 30)]"
CC1C(=O)C(C)C(c2ccccc2)OC1CCO,"[(4, 6)]"
C=CCC1OC2CCCOC2CC1=O,"[(3, 4), (2, 3)]"
C=CCCC1=C(CCC)C(=O)OC1c1ccccc1,"[(11, 12), (3, 4)]"
COC(=O)Cc1cc(OC)c(OC)cc1-c1c(C(=O)OC)nnc(C(=O)OC)c1-c1cc(OC)c(OC)cc1CC(=O)OC,"[(39, 15), (16, 32)]"
COC(=O)Cc1cc(OC)c(OC)cc1-c1c(C(=O)OC)-nc(C(=O)OC)c1-c1cc(OC)c(OC)cc1CC(=O)OC,"[(38, 37)]"
CCC12CCC(=O)N3CCC45c6ccccc6N(C)C4C(C(=O)OC)(C1)OC325,"[(27, 2), (20, 25), (19, 20), (27, 10)]"
CCCCc1cccc2c1nnn2[Ac],"[(12, 13), (12, 8), (9, 10), (9, 4)]"
CCCCc1cccc2nnn([Ac])c12,"[(11, 13), (11, 12), (8, 9), (13, 4)]"
CCC1(C)C2=C(CCC2)C(=O)C1C,"[(2, 4), (5, 9)]"
Cc1cc(O)ccc1CC(C)(C)O,"[(4, 6), (2, 3), (4, 5)]"
CC(=O)C1CCCCC1c1ccc(O)cc1,"[(8, 3)]"
CC1CC(C)OC2(CCCCC2C)O1,"[(5, 6)]"

C=CC1CN2CCC1CCC2OC,"[(8, 9), (10, 11)]"
O=C1OC2(Sc3ccccc3)CCCCC2C1(Cl)Cl,"[(15, 16), (2, 3)]"
CC1=CCC(C)(C)C(N(C)C)O1,"[(7, 11), (3, 4)]"
O=C1CCC2=CC(CCC2)CC1,"[(6, 10), (11, 1), (3, 4)]"
CC(=O)CCCC(C)(C)C(=O)O,"[(6, 9)]"
C1=CC2C=CC=CC2C=C1,"[(6, 7), (2, 3)]"
Cc1c(O)c2c(c3c1CCC3)CCc1cc(O[U])ccc1-2,"[(10, 11), (16, 17), (18, 7), (6, 2), (18, 19), (19, 1)]"
CC([U])CO,"[(3, 4)]"
COc1ccc(C(c2ccccc2)C(C)C(C)(C)C)c(OC)c1,"[(7, 8)]"
OOOC12OCCCC1CCCO2,"[(2, 3)]"
COc1cccc2c1OC1(Oc3ccccc3C1Br)C(OCc1ccccc1)C2,"[(13, 14), (4, 5)]"
CC1OC1C1OCC(c2ccccc2)N1C(=O)N([U])c1ccccc1,"[(2, 3), (1, 2)]"
CC1CC2(C)C(=CC1=O)CCC1CCCC12,"[(0, 1)]"
CC1C(=O)CCC2(C)C1=CCC1CCCC12,"[(0, 1)]"
COc1cccc2c(OC)c3c4c(ccc3c(OC)c12)CC(C)CC4=O,"[(18, 19), (16, 17)]"
FC(F)(F)c1c2n(c3ccc(Cl)cc13)C(c1ccccc1)(c1ccccc1)C1=CC=CC=CC12C1CC1,"[(32, 33), (33, 27), (5, 6)]"
CCC12CCCN3C(=O)C4C(=O)SC31C1C4c3ccccc3N1CC2,"[(13, 14), (6, 7), (10, 12), (15, 9)]"
CC(=O)OC1CC(C)C(=O)c2c1c(CO[Si](C)(C)C(C)(C)C)c1n2CC2C1N2C,"[(25, 26), (12, 22), (10, 11)]"
C=CCOC(=O)C12COC(=O)C1C(c1cc(C=C)c(OC)c(OC)c1)c1cc3c(cc1C2[Si](C)(C)c1ccccc1)OCO3,"[(12, 13), (9, 11)]"
COC(=O)C(CCC12CCC3CC(=O)C(C=C1C)C32C)C(=O)OC,"[(12, 14), (11, 12), (18, 10)]"
CC=CC(O)C1CC2CCCCN2C(=O)N1,"[(15, 5), (3, 4)]"
O=C1CCCC2=CC([U])C([U])C1C2=O,"[(11, 12), (7, 9)]"
CC(C)(C)OC(=O)N1CCC(=O)C2(CC(C3COC(C)(C)O3)N3C(c4ccccc4)C(c4ccccc4)OC(=O)C32)C1,"[(13, 14), (40, 12), (14, 22)]"
C=CCC12CC=CC3(CCCCC31)OC2O,"[(12, 7), (13, 14), (2, 3), (4, 5)]"
COc1ccc(OCCCC(=O)C2(CC(C)C(C)COC(=O)C(C)(C)C)C=CC(O)(C3COC(C)(C)O3)CC2)cc1,"[(28, 29), (12, 26)]"
O=C1C2C=CC=CC1C=C2,"[(6, 7), (2, 3)]"
O=C1CCNc2ccc(Cl)cc21,"[(6, 1)]"
CC1=C2C(=O)OC3(CCCCC3)C2(O)OOC1(C)C,"[(15, 16), (12, 14), (1, 2), (3, 5), (12, 2)]"
CC(COCc1ccccc1)C(O)C(C)C(=O)[U],"[(11, 13)]"
CC1CN(C(=O)c2ccccc2)C(C(C)(C)C)N(C)C1=O,"[(0, 1)]"
CC1COC(C(C)(C)C)OC1=O,"[(0, 1)]"
CC(=O)CCC([U])C=O,"[(4, 5)]"
O=C(Oc1ccccc1)C(Cl)Cc1ccccc1,"[(1, 2)]"
CCCC1C=C(C#N)N(c2ccccc2)C=CC1C,"[(5, 8), (5, 6), (17, 3)]"
COC(=O)C1=C2Nc3ccccc3C23CC(C(=O)OCc2ccccc2)N(Cc2ccccc2)C3CC1C,"[(34, 13), (26, 34), (36, 4)]"
CC12CC=CCCC(=O)C1CCC21OCCO1,"[(5, 6)]"
CN1CN(c2ccccc2C23CCN4CC(=CCOC(C)(C)C)C(CC2=O)CC43)CN(C)C1=O,"[(24, 6), (8, 9), (7, 8)]"
C=CC1C(C(=O)O)CC2C1C=CC1CCCC12,"[(2, 3), (8, 9), (16, 12)]"
C=CC1CC2C(=O)C(C(=O)OC)(CC1C(=O)O[Si](C(C)C)(C(C)C)C(C)C)C(C)CC1C2C1(C)C,"[(13, 2)]"
Cc1cc2ccccc2[nH]1,"[(8, 9)]"
COc1cc(OC)c2c(c1)C([U])=C1C3CC(C3(C)C)C(C)(C)C12,"[(5, 10), (11, 12)]"
CN(CCC(=O)OC(C)(C)C)C1Cc2[nH]c3ccccc3c2C1,"[(12, 13)]"
CC1=C(C)CC2(O[Si](C)(C)C(C)(C)C)C(=O)C34CC(C#N)(C#N)CC3CC(O4)C2C1,"[(28, 29), (4, 5), (6, 7), (25, 26), (24, 16)]"
O=C1C2CCC(O2)C1[U],"[(7, 8)]"
CCCCc1nc(-c2ccccc2)cc(-c2ccccc2)n1,"[(21, 4), (6, 13), (3, 4)]"
O=C1CCC=CCC1,"[(2, 3), (6, 7)]"
Cc1ccc(Cl)c(C)n1,"[(4, 6), (3, 4)]"
CC1C(=O)CC2C3(C)CCC2(C(C)C(=O)O)C(=O)C13,"[(10, 5)]"
N#CC1=C(c2ccccc2)N(c2ccccc2)C(C#N)(C#N)O1,"[(2, 3), (10, 17)]"

CCOC(=O)c1c(-c2ccccc2)nn(-c2ccccc2)c1-c1ccccc1,"[(6, 13), (21, 5)]"
COC(=O)C1Cc2c(S(=O)c3ccccc3)ccc(S(=O)c3ccccc3)c2C2CCCCC12,"[(18, 19), (7, 8), (27, 6), (33, 28), (4, 5)]"
CC(C)c1c(O[Si](C(C)C)(C(C)C)C(C)C)c2c3c(cccc3c1O)CCC2,"[(11, 6), (3, 4), (15, 16)]"
CC1(C)OC2CCC([U])C3CCC4C(C5OCCO5)CCC1C24C3=O,"[(19, 20), (12, 13), (22, 4)]"
O=C1C2CC3CCC14CCC1CC1C34O2,"[(2, 3), (13, 4), (14, 2), (11, 12), (12, 10)]"
CC(=O)OC1CCCOC1O[U],"[(9, 10)]"
COC(=O)C12CCC(=O)C3=C1N(CCc1cc(OC)c(OC)cc13)C(=O)C2,"[(23, 9)]"
COc1cc2c(cc1OC)-c1cc3ccc(O)cc3n1CC2,"[(5, 10)]"
COC(=O)C1=C2C(OC(C)(C)C)CCN2C(=O)C2(CC2)C1,"[(14, 15), (4, 5), (20, 4)]"
C=CC1OC(CC(=O)OCC)C(C)(CO[Si](C)(C)C(C)(C)C)C2OC12,"[(4, 5)]"
C=CC1OC(CC(=O)OCC)C(C)(CO[Si](C)(C)C(C)(C)C)C2OC12,"[(3, 4), (4, 5)]"
C[Si](C)(C)[Si](OC1CCC1C(=O)OC(C(F)(F)F)C(F)(F)F)([Si](C)(C)C)[Si](C)(C)C,"[(9, 6), (7, 8)]"
C#CC(C)CO[Si](C)(C)C(C)(C)C,[]
C#CC(C)CO[Si](C)(C)C(C)(C)C,"[(0, 1)]"
O=C1C=C(c2ccccc2)CC(c2ccccc2)C1S(=O)(=O)c1ccccc1,"[(18, 1), (10, 11)]"
C=C1CC(C=C(C)CC(COc2ccc(OC)cc2)O[Si](C)(C)C(C)(C)C)OC(CC(O)C=CCC(C)=CCO[Si](c2ccccc2)(c2ccccc2)C(C)(C)C)C1,"[(2, 3), (1, 2), (0, 1)]"
O=C1C(Cl)=C2OCC2(O)CC2CCCN12,"[(6, 7), (14, 10), (7, 9)]"
C=CCCC1(c2ccccc2Br)Nc2ccccc2C1=O,"[(3, 4)]"
O=C1CCC2CC1(c1ccccc1Br)Nc1ccccc12,"[(5, 6), (20, 4)]"
CC1=Cc2c(C(C)C)ccc(C)c2CCC(C)C(=O)CC1,"[(12, 3)]"

CC(C)(C)[Si](C)(C)OC1CC2C(=O)CCC3C(=O)CC4CCC1C432,"[(23, 10), (14, 15)]"
CC(C)(C)[Si](C)(C)OC1CCC2(O)CCC3=C4C(CCC412)CC3=O,"[(20, 11), (14, 15)]"
C=C(C)C12CCC(C)(O)C1C2,"[(9, 3), (10, 3)]"
O=C1CCC2=C1c1cc3c(cc1CCN2)OCO3,"[(14, 4), (5, 6), (13, 14)]"
Fc1cc([U])nc([U])c1[U],"[(7, 9), (2, 4)]"
CC(=O)Oc1cccc(C2C=C3CN(CCc4ccc(c(O)c4)-c4ccc(OC(C)=O)cc43)Cc3ccccc32)c1,"[(39, 33), (34, 35)]"
OC1CCCOC1CC[Ac],"[(5, 6)]"
OC(CC[Ac])C1CCCO1,"[(9, 5)]"
[U]N1CC[n+]2c1c1ccccc1c1ccccc12,"[(5, 1)]"
COC1(C)OC2CC3CC4CC(CO[Si](c5ccccc5)(c5ccccc5)C(C)(C)C)C(CO[Si](c5ccccc5)(c5ccccc5)C(C)(C)C)CC4CC3CC2OC1(C)OC,"[(57, 58), (2, 4)]"
OCC(O)C(O)Cc1ccccc1,"[(2, 3), (0, 1)]"
CC12CCCCC1CC(O)C(O)C2,"[(10, 11), (8, 9)]"
O=Cc1cccc(O)c1,"[(2, 3)]"
CC1CC2(OC(C(C)(C)C)OC2=O)C(C=CCCCCC2C=C([Si]([U])([U])[U])C3C(O[U])CCCC3C2C(=O)O[U])C=C1CO[Si]([U])([U])[U],"[(34, 27), (35, 20), (3, 13), (1, 2)]"
CC1(C)C=C(C=O)CC1,"[(4, 7)]"
CC1(C)CCC=C1C=O,"[(6, 1)]"
BrC1CCC2CCC1C2,"[(6, 7)]"
CC(=O)C1CC2CC3CC(C2)CC1C3,"[(3, 4), (12, 3)]"
C=C1CCC=C(C)CCC2C1C1CC(=O)C3=C(C)OC(C)(C)C4CCC21C34,"[(26, 22), (18, 19), (26, 15), (16, 18)]"
CCOC1CC2C3=C(CC(C(C)=O)C2C)C2(C)CCC(O[U])C(C)C2C(C(=O)OC)C3O1,"[(25, 30), (24, 15)]"
CC1(C)C([U])=C2CC3N4C(=C([U])C3(C)C)CC1N24,"[(16, 17), (17, 5), (7, 8), (8, 9), (6, 7), (15, 16)]"
Cc1ccc(SC2=Nc3ccc(Cl)cc3C(=O)C2(c2ccccc2)c2ccccc2)cc1,"[(5, 6), (15, 17)]"
CC(=O)OC1CC=CCC2OC1CCC2=O,"[(9, 10), (8, 9)]"
CC(=O)OC1CCC2(O)OC1(C)CC1OC2CC1[Se]c1ccccc1,"[(7, 9), (13, 14), (9, 10), (3, 4)]"
CC(C)(C)OC(=O)N1CCC2(C(Sc3ccccc3)=Nc3ccccc32)C(c2ccccc2)C1=O,"[(10, 26)]"
COC(=O)C1C=C(C)OC(=O)C1Cc1ccccc1,"[(11, 4), (8, 9)]"
C=CCC1(O)CCCCC12CCCCC2O,"[(2, 3), (8, 9)]"
O=CC1Cc2ccccc2C1CC(=O)c1ccccc1,"[(10, 2)]"
CC#CC(C)C(C=CC1C(=O)CC2CC3(CC21)OCC(C)(C)CO3)O[Si](C)(C)C(C)(C)C,"[(7, 8)]"
CC(=O)NC1(C)CC(CC(O)C2CCCCC2)OC(C(C)(C)C)C1,"[(3, 4), (18, 23), (6, 7)]"
COC1CCCCC1C1(C=O)CCC(C)(C)C1,"[(8, 11), (7, 2)]"
C=C1C(=O)C(O)=C(C)C1c1ccccc1,"[(2, 4), (6, 8)]"
COC(=O)C1(C(=O)OC)CC(COCc2ccccc2)ON(Cc2ccc(OC)cc2)C1c1oc([U])cc1Br,"[(10, 20), (21, 31), (31, 4)]"
C1=Nc2ccccc2C2(OCCO2)C1(c1ccccc1)c1ccccc1,"[(19, 4)]"
CCCCCCC1CC=C(C)C(O)C2(C)CC(=CC(C)C2O)C2CC(O[Si](c3ccccc3)(c3ccccc3)C(C)(C)C)CC(O)(CC(=O)O1)O2,"[(47, 49), (47, 48)]"
CCC(O)C(C)C(=O)N1C(=S)SCC1Cc1ccccc1,"[(2, 4)]"
CC1(C)C2CCC1(CS(=O)(=O)O)C(=O)C2,"[(7, 8)]"
CC(C)(C)[Si](C)(C)OC=CC1CC(=O)CC(O[Si]([U])([U])[U])=CC1[U],"[(22, 10), (14, 15)]"
C#CC1(OC(C)=O)CCCCC1,"[(3, 4)]"
CS(=O)(=O)N1C(=C[U])C2([U])OC2([U])C1([U])[U],"[(4, 5), (10, 11)]"
COC(=O)C1=C2CC(C)CC3CCCC(C=C1)N23,"[(16, 4), (14, 17)]"
CCCCOC(=O)C=Cc1ccccc1,"[(4, 5)]"
c1ccc2c(N3CCNCC3)nsc2c1,"[(8, 9), (6, 7)]"
C=CCC1([U])C([U])([U])CC(=C)C2CCCCC21O,"[(16, 11), (2, 3), (5, 8)]"
COC(=O)c1c(C(=O)OC)c([U])n(Cc2ccccc2)c1[Ac],"[(4, 5), (15, 17), (7, 15)]"
O=C1CC2OCCC34CC1OC23COC4=O,"[(8, 9), (11, 7), (3, 4), (13, 14)]"
CC1(O)CN(c2ccc([N+](=O)[O-])cc2[N+](=O)[O-])NCC1O,"[(4, 5)]"
CC(C)C1CCC(C=O)=CC1O,"[(5, 6)]"
CC(C)C1CCC(C=O)=CC1O,"[(5, 6), (10, 11)]"
COc1ccc2nc(-c3ccccc3)nc(C3CCCCC3)c2c1,"[(15, 22), (7, 14)]"
CCC(C)c1nc2c(c(N3CCC3=O)c1-c1ccccc1)CCCC2,"[(7, 12), (18, 4)]"
COc1ccc2nc(C3CCCCC3)c3c(c2c1)Cc1ccccc1-3,"[(15, 23), (7, 14)]"
COC(=O)C1Cc2ccccc2C1CC(=O)c1ccccc1,"[(12, 4)]"
Cn1c(=O)c2c(n(C)c1=O)n(N=CC(=O)OC(C)(C)C)c(=O)n2CC(=O)OC(C)(C)C,"[(22, 23), (11, 12), (5, 10)]"
COc1c(CN[U])c(CN[U])c(OC)c2ccccc12,"[(4, 5), (8, 9)]"
O=C1CCCCC12COC(c1ccccc1)C2,"[(6, 7), (9, 16)]"
O=C1CC(F)C(CI)O1,"[(6, 7), (5, 8)]"
CC(=O)O[Hg]C1CC(O)C2CCC(C)C12C,"[(4, 5), (7, 8), (14, 9)]"
CC1=C(Br)C(=O)C(CBr)(C(C)C)C1,"[(7, 8), (2, 3)]"
COCOCCC1C2OC2(C)CS(=O)N1C(=O)OCc1ccccc1,"[(7, 8), (8, 9)]"
CCC1(C(C)O)CC(C)C(C(C)C)O1,"[(13, 2), (3, 5)]"
